역번호,역사명,노선번호,노선명,환승역구분,환승노선번호,환승노선명,역위도,역경도,운영기관명,역사도로명주소,역사전화번호,데이터기준일자
817,가락시장,S1108,8호선,환승역,I1103,수도권  광역철도 3호선,37.493004,127.118279,서울교통공사,서울특별시 송파구 송파대로 지하257(가락동),02-6311-8171,2024-12-31
746,가산디지털단지,S1107,7호선,환승역,I4101,수도권  광역철도 1호선,37.480376,126.882704,서울교통공사,서울특별시 금천구 벚꽃로 309(가산동),02-6311-7461,2024-12-31
4107,가양,S1109,서울 도시철도 9호선,일반역,,,37.561391,126.854456,서울특별시 서울시메트로9호선㈜,서울특별시 강서구 양천로 지하485,02-2656-0907,2024-02-29
222,강남,S1102,2호선,환승역,I41D1,수도권  광역철도 신분당선,37.497958,127.027539,서울교통공사,서울특별시 강남구 강남대로 지하396(역삼동),02-6110-2221,2024-12-31
730,강남구청,S1107,7호선,환승역,I41K1,수도권  광역철도 분당,37.517185,127.04122,서울교통공사,서울특별시 강남구 학동로 지하346(삼성동),02-6311-7301,2024-12-31
548,강동,S1105,5호선,일반역,,,37.53581,127.13249,서울교통공사,서울특별시 강동구 천호대로 지하1097(천호동),02-6311-5481,2024-12-31
812,강동구청,S1108,8호선,일반역,,,37.530348,127.120461,서울교통공사,서울특별시 강동구 올림픽로 지하550(성내동),02-6311-8121,2024-12-31
214,강변(동서울터미널),S1102,2호선,일반역,,,37.535161,127.094684,서울교통공사,서울특별시 광진구 강변역로 53(구의동),02-6110-2141,2024-12-31
554,강일,S1105,5호선,일반역,,,37.557521,127.176018,서울교통공사,서울특별시 강동구 고덕로 지하456(강일동),02-6311-5611,2024-12-31
P553,개롱,S1105,5호선,일반역,,,37.498097,127.134817,서울교통공사,서울특별시 송파구 오금로 지하402(가락동),02-6311-5581,2024-12-31
4101,개화,S1109,서울 도시철도 9호선,일반역,,,37.578608,126.798153,서울특별시 서울시메트로9호선㈜,서울특별시 강서구 개화동로8길 19,02-2656-0901,2024-02-29
511,개화산,S1105,5호선,일반역,,,37.572458,126.806838,서울교통공사,서울특별시 강서구 양천로 22(방화동),02-6311-5111,2024-12-31
P554,거여,S1105,5호선,일반역,,,37.493208,127.143983,서울교통공사,서울특별시 송파구 오금로 지하499(거여동),02-6311-5591,2024-12-31
727,건대입구,S1107,7호선,환승역,S1102,수도권  도시철도 2호선,37.540882,127.071103,서울교통공사,서울특별시 광진구 능동로 지하110(화양동),02-6311-7271,2024-12-31
327,경복궁(정부서울청사),I1103,3호선,일반역,,,37.575844,126.973576,서울교통공사,서울특별시 종로구 사직로 지하130(적선동),02-6110-3271,2024-12-31
351,경찰병원,I1103,3호선,일반역,,,37.495754,127.124198,서울교통공사,서울특별시 송파구 중대로 지하149(가락동),02-6110-3511,2024-12-31
552,고덕,S1105,5호선,일반역,,,37.555002,127.154214,서울교통공사,서울특별시 강동구 고덕로 지하253(고덕동),02-6311-5521,2024-12-31
640,고려대(종암),S1106,6호선,일반역,,,37.586261,127.02903,서울교통공사,서울특별시 성북구 종암로 지하1(종암동),02-6311-6401,2024-12-31
339,고속터미널,I1103,3호선,환승역,S1107+S11S1,수도권  도시철도 7호선+수도권  도시철도 9호선,37.504953,127.004916,서울교통공사,서울특별시 서초구 신반포로 지하188(반포동),02-6110-3391,2024-12-31
529,공덕,S1105,5호선,환승역,S1106,수도권  도시철도 6호선,37.544005,126.951058,서울교통공사,서울특별시 마포구 마포대로 지하100(공덕동),02-6311-5291,2024-12-31
716,공릉(서울과학기술대),S1107,7호선,일반역,,,37.625642,127.072969,서울교통공사,서울특별시 노원구 동일로 지하1074(공릉동),02-6311-7161,2024-12-31
4103,공항시장,S1109,서울 도시철도 9호선,일반역,,,37.563726,126.810678,서울특별시 서울시메트로9호선㈜,서울특별시 강서구 방화동로 지하30,02-2656-0903,2024-02-29
546,광나루(장신대),S1105,5호선,일반역,,,37.545301,127.103478,서울교통공사,서울특별시 광진구 아차산로 지하571(광장동),02-6311-5461,2024-12-31
748,광명사거리,S1107,7호선,일반역,,,37.47927,126.854854,서울교통공사,경기도 광명시 오리로 지하980(광명동),02-6311-7481,2024-12-31
533,광화문(세종문화회관),S1105,5호선,일반역,,,37.570545,126.976568,서울교통공사,서울특별시 종로구 세종대로 지하172(세종로),02-6311-5331,2024-12-31
624,광흥창(서강),S1106,6호선,일반역,,,37.547704,126.92292,서울교통공사,서울특별시 마포구 독막로 지하165(창전동),02-6311-6241,2024-12-31
340,교대(법원·검찰청),I1103,3호선,환승역,S1102,수도권  도시철도 2호선,37.49306,127.013796,서울교통공사,서울특별시 서초구 서초대로 지하294(서초동),02-6110-3401,2024-12-31
232,구로디지털단지,S1102,2호선,일반역,,,37.485005,126.902626,서울교통공사,서울특별시 구로구 도림천로 477(구로동),02-6110-2321,2024-12-31
4121,구반포,S1109,서울 도시철도 9호선,일반역,,,37.501364,126.987332,서울특별시 서울시메트로9호선㈜,서울특별시 서초구 신반포로 지하17,02-2656-0921,2024-02-29
615,구산,S1106,6호선,일반역,,,37.618596,126.920519,서울교통공사,서울특별시 은평구 연서로 지하137-1(구산동),02-6311-6151,2024-12-31
213,구의(광진구청),S1102,2호선,일반역,,,37.536857,127.085024,서울교통공사,서울특별시 광진구 아차산로 384-1(구의동),02-6110-2131,2024-12-31
320,구파발,I1103,3호선,일반역,,,37.636612,126.918827,서울교통공사,서울특별시 은평구 진관2로 지하15-25 (진관동),02-6110-3201,2024-12-31
4114,국회의사당,S1109,서울 도시철도 9호선,일반역,,,37.528105,126.917874,서울특별시 서울시메트로9호선㈜,서울특별시 영등포구 국회대로 지하758,02-2656-0914,2024-02-29
544,군자(능동),S1105,5호선,환승역,S1107,수도권  도시철도 7호선,37.557102,127.079559,서울교통공사,서울특별시 광진구 천호대로 지하550(능동),02-6311-5441,2024-12-31
3760,굴포천,S1107,도시철도 7호선,일반역,,,37.50695,126.731481,인천교통공사,인천광역시 부평구 길주로 지하 623 (삼산동),032-451-1373,2022-04-30
550,굽은다리(강동구민회관앞),S1105,5호선,일반역,,,37.545442,127.142844,서울교통공사,서울특별시 강동구 양재대로 지하1572(명일동),02-6311-5501,2024-12-31
334,금호,I1103,3호선,일반역,,,37.548269,127.015785,서울교통공사,서울특별시 성동구 동호로 지하104(금호동4가),02-6110-3341,2024-12-31
549,길동,S1105,5호선,일반역,,,37.538022,127.140085,서울교통공사,서울특별시 강동구 양재대로 지하1480(길동),02-6311-5491,2024-12-31
417,길음,I1104,4호선,일반역,,,37.604087,127.025353,서울교통공사,서울특별시 성북구 동소문로 지하248(길음동),02-6110-4171,2024-12-31
512,김포공항,S1105,5호선,환승역,S11S1+I28A1+L41G1+I41WS,수도권 도시철도 9호선+수도권 광역철도 공항+김포도시철도+서해선,37.56217,126.801273,서울교통공사,서울특별시 강서구 하늘길 지하77(방화동),02-6311-5121,2024-12-31
518,까치산,S1105,5호선,환승역,S1102,수도권  도시철도 2호선,37.53181,126.846706,서울교통공사,서울특별시 강서구 강서로 지하54(화곡동),02-6311-5181,2024-12-31
3753,까치울,S1107,도시철도 7호선,일반역,,,37.506236,126.81095,인천교통공사,경기도 부천시 원미구 길주로 지하 626 (춘의동),032-451-1303,2022-04-30
227,낙성대(강감찬),S1102,2호선,일반역,,,37.47693,126.963783,서울교통공사,서울특별시 관악구 남부순환로 지하1928(봉천동),02-6110-2271,2024-12-31
745,남구로,S1107,7호선,일반역,,,37.486181,126.887372,서울교통공사,서울특별시 구로구 도림로 지하7(구로동) ,02-6311-7451,2024-12-31
341,남부터미널(예술의전당),I1103,3호선,일반역,,,37.48494,127.016289,서울교통공사,서울특별시 서초구 서초중앙로 지하31(서초동),02-6110-3411,2024-12-31
737,남성,S1107,7호선,일반역,,,37.484688,126.971108,서울교통공사,서울특별시 동작구 사당로 지하218(사당동),02-6311-7371,2024-12-31
821,남위례,S1108,8호선,일반역,,,37.462839,127.139047,서울교통공사,경기도 성남시 수정구 공원로 601(복정동),02-6311-8211,2024-12-31
434,남태령,I1104,4호선,일반역,,,37.464339,126.989081,서울교통공사,서울특별시 서초구 과천대로 지하816(방배동),02-6110-4341,2024-12-31
823,남한산성입구(성남법원·검찰청),S1108,8호선,일반역,,,37.451568,127.159845,서울교통공사,경기도 성남시 수정구 산성대로 지하445(단대동),02-6311-8231,2024-12-31
735,내방,S1107,7호선,일반역,,,37.48764,126.993541,서울교통공사,서울특별시 서초구 서초대로 지하103(방배동),02-6311-7351,2024-12-31
4118,노들,S1109,서울 도시철도 9호선,일반역,,,37.512887,126.953222,서울특별시 서울시메트로9호선㈜,서울특별시 동작구 노량진로 지하238 (본동),02-2656-0918,2024-08-31
4117,노량진,S1109,서울 도시철도 9호선,환승역,I4101,경부선,37.514219,126.942454,서울특별시 서울시메트로9호선㈜,서울특별시 동작구 노량진로 지하130,02-2656-0917,2024-02-29
411,노원,I1104,4호선,환승역,S1107,수도권  도시철도 7호선,37.656274,127.063183,서울교통공사,서울특별시 노원구 상계로 69-1(상계동),02-6110-4111,2024-12-31
713,노원,S1107,7호선,환승역,I1104,수도권  광역철도 4호선,37.654478,127.060555,서울교통공사,서울특별시 노원구 동일로 지하1409(상계동),02-6311-7131,2024-12-31
323,녹번,I1103,3호선,일반역,,,37.600882,126.935758,서울교통공사,서울특별시 은평구 통일로 지하602-1(녹번동),02-6110-3231,2024-12-31
629,녹사평(용산구청),S1106,6호선,일반역,,,37.535563,126.973996,서울교통공사,서울특별시 용산구 녹사평대로 지하195(용산동4가),02-6311-6291,2024-12-31
732,논현,S1107,7호선,일반역,,,37.511108,127.021385,서울교통공사,서울특별시 강남구 학동로 지하102(논현동),02-6311-7321,2024-12-31
805,다산역,S4108,수도권 광역철도 8호선,일반역,,,37.62437,127.1498,남양주도시공사,경기도 남양주 다산중앙로 123번길(다산동),02-6311-8051,2024-09-12
824,단대오거리,S1108,8호선,일반역,,,37.445057,127.156735,서울교통공사,경기도 성남시 수정구 산성대로 지하365(신흥동),02-6311-8241,2024-12-31
542,답십리,S1105,5호선,일반역,,,37.566833,127.05266,서울교통공사,서울특별시 성동구 천호대로 지하300(용답동),02-6311-5421,2024-12-31
237,당산,S1102,2호선,환승역,S11S1,수도권  도시철도 9호선,37.533877,126.902011,서울교통공사,서울특별시 영등포구 당산로 229(당산동6가),02-6110-2371,2024-12-31
233,대림(구로구청),S1102,2호선,환승역,S1107,수도권  도시철도 7호선,37.492426,126.895293,서울교통공사,서울특별시 구로구 도림천로 351(구로동),02-6110-2331,2024-12-31
347,대청,I1103,3호선,일반역,,,37.493607,127.079526,서울교통공사,서울특별시 강남구 일원로 지하2(일원동),02-6110-3471,2024-12-31
345,대치,I1103,3호선,일반역,,,37.494601,127.063449,서울교통공사,서울특별시 강남구 남부순환로 지하2952(대치동),02-6110-3451,2024-12-31
625,대흥(서강대앞),S1106,6호선,일반역,,,37.547464,126.931971,서울교통공사,서울특별시 마포구 대흥로 지하85(대흥동),02-6311-6251,2024-12-31
344,도곡,I1103,3호선,환승역,I41K1,수도권  광역철도 분당,37.491129,127.055694,서울교통공사,서울특별시 강남구 남부순환로 지하2814(도곡동),02-6110-3441,2024-12-31
2341,도림천,S1122,2호선,일반역,,,37.514759,126.882586,서울교통공사,서울특별시 구로구 경인로67길 160(신도림동),02-6110-2441,2024-12-31
710,도봉산,S1107,7호선,환승역,I4101,수도권  광역철도 1호선,37.689131,127.046548,서울교통공사,서울특별시 도봉구 도봉로 964-40(도봉동),02-6311-7101,2024-12-31
326,독립문,I1103,3호선,일반역,,,37.574534,126.957902,서울교통공사,서울특별시 서대문구 통일로 지하247(현저동),02-6110-3261,2024-12-31
613,독바위,S1106,6호선,일반역,,,37.618413,126.933035,서울교통공사,서울특별시 은평구 불광로 지하129-1(불광동),02-6311-6131,2024-12-31
643,돌곶이,S1106,6호선,일반역,,,37.606392,127.048509,서울교통공사,서울특별시 성북구 화랑로 지하243(석관동),02-6311-6431,2024-12-31
421,동대문,I1104,4호선,환승역,I4101,수도권  광역철도 1호선,37.57099,127.008835,서울교통공사,서울특별시 종로구 율곡로 지하308(종로6가),02-6110-4211,2024-12-31
422,동대문역사문화공원(DDP),I1104,4호선,환승역,S1102+S1105,수도권  도시철도 2호선+수도권  도시철도 5호선,37.565141,127.008458,서울교통공사,서울특별시 중구 장충단로 지하230(광희동2가),02-6110-4221,2024-12-31
332,동대입구,I1103,3호선,일반역,,,37.55816,127.005273,서울교통공사,서울특별시 중구 동호로 지하256(장충동2가),02-6110-3321,2024-12-31
127,동묘앞,I4101,1호선,환승역,S1106,수도권  도시철도 6호선,37.573265,127.016459,서울교통공사,서울특별시 종로구 종로 359(숭인동),02-6110-1271,2024-12-31
636,동묘앞,S1106,6호선,환승역,I4101,수도권  광역철도 1호선,37.566174,127.016158,서울교통공사,서울특별시 종로구 지봉로 지하24(숭인동),02-6311-6361,2024-12-31
431,동작(현충원),I1104,4호선,환승역,S11S1,수도권  도시철도 9호선,37.503567,126.980171,서울교통공사,서울특별시 동작구 현충로 257(동작동),02-6110-4311,2024-12-31
4120,동작(현충원),S1109,서울 도시철도 9호선,환승역,I1104,서울 도시철도 4호선,37.502971,126.979306,서울특별시 서울시메트로9호선㈜,서울특별시 동작구 현충로 지하220 (동작동),02-2656-0920,2024-05-31
P549,둔촌동,S1105,5호선,일반역,,,37.527787,127.136219,서울교통공사,서울특별시 강동구 양재대로 지하1369(둔촌동),02-6311-5541,2024-12-31
4137,둔촌오륜,S1109,수도권  도시철도 9호선,일반역,,,37.519339,127.138619,서울시메트로9호선㈜,서울특별시 강동구 강동대로 지하 327,02-2656-0937,
4109,등촌,S1109,서울 도시철도 9호선,일반역,,,37.550632,126.865689,서울특별시 서울시메트로9호선㈜,서울특별시 강서구 공항대로 지하529,02-2656-0909,2024-02-29
618,디지털미디어시티,S1106,6호선,환승역,I41K4+I28A1,수도권  광역철도 경의중앙+수도권 광역철도 공항,37.583989,126.909785,서울교통공사,서울특별시 은평구 수색로 지하175(증산동),02-6311-6181,2024-12-31
210,뚝섬,S1102,2호선,일반역,,,37.54718,127.047413,서울교통공사,서울특별시 성동구 아차산로 18(성수동1가),02-6110-2101,2024-12-31
514,마곡,S1105,5호선,일반역,,,37.560182,126.82493,서울교통공사,서울특별시 강서구 공항대로 지하163(마곡동),02-6311-5141,2024-12-31
4105,마곡나루(서울식물원),S1109,서울 도시철도 9호선,환승역,I28A1,인천국제공항선,37.567336,126.829497,서울특별시 서울시메트로9호선㈜,서울특별시 강서구 마곡중앙5로 지하2,02-2656-0905,2025-03-31
712,마들,S1107,7호선,일반역,,,37.664985,127.057701,서울교통공사,서울특별시 노원구 동일로 지하1530-1(상계동),02-6311-7121,2024-12-31
541,마장,S1105,5호선,일반역,,,37.566066,127.042921,서울교통공사,서울특별시 성동구 마장로 지하296(마장동),02-6311-5411,2024-12-31
P555,마천,S1105,5호선,일반역,,,37.494972,127.152784,서울교통공사,서울특별시 송파구 마천로57길 지하7(마천동),02-6311-5601,2024-12-31
528,마포,S1105,5호선,일반역,,,37.539718,126.946043,서울교통공사,서울특별시 마포구 마포대로 지하33(도화동),02-6311-5281,2024-12-31
620,마포구청,S1106,6호선,일반역,,,37.569439,126.899077,서울교통공사,서울특별시 마포구 월드컵로 지하190(성산동),02-6311-6201,2024-12-31
621,망원,S1106,6호선,일반역,,,37.563535,126.903326,서울교통공사,서울특별시 마포구 월드컵로 지하77(망원동),02-6311-6211,2024-12-31
343,매봉,I1103,3호선,일반역,,,37.487114,127.046907,서울교통공사,서울특별시 강남구 남부순환로 지하2744(도곡동),02-6110-3431,2024-12-31
718,먹골,S1107,7호선,일반역,,,37.610638,127.077719,서울교통공사,서울특별시 중랑구 동일로 지하901(묵동),02-6311-7181,2024-12-31
721,면목,S1107,7호선,일반역,,,37.588671,127.087503,서울교통공사,서울특별시 중랑구 면목로 지하407(면목동) ,02-6311-7211,2024-12-31
424,명동,I1104,4호선,일반역,,,37.561055,126.988271,서울교통공사,서울특별시 중구 퇴계로 지하126(충무로2가),02-6110-4241,2024-12-31
551,명일,S1105,5호선,일반역,,,37.551317,127.144002,서울교통공사,서울특별시 강동구 양재대로 지하1632(명일동),02-6311-5511,2024-12-31
827,모란,S1108,8호선,환승역,I41K1,수도권  광역철도 분당,37.433888,127.129921,서울교통공사,경기도 성남시 수정구 산성대로 지하100(수진동),02-6311-8271,2024-12-31
520,목동,S1105,5호선,일반역,,,37.526088,126.864296,서울교통공사,서울특별시 양천구 오목로 지하245(목동),02-6311-5201,2024-12-31
813,몽촌토성(평화의문),S1108,8호선,일반역,,,37.517692,127.11274,서울교통공사,서울특별시 송파구 올림픽로 지하383(신천동),02-6311-8131,2024-12-31
325,무악재,I1103,3호선,일반역,,,37.582658,126.950131,서울교통공사,서울특별시 서대문구 통일로 지하361(홍제동),02-6110-3251,2024-12-31
235,문래,S1102,2호선,일반역,,,37.517993,126.894766,서울교통공사,서울특별시 영등포구 당산로 지하28(문래동3가),02-6110-2351,2024-12-31
818,문정,S1108,8호선,일반역,,,37.485931,127.122473,서울교통공사,서울특별시 송파구 송파대로 지하179(문정동),02-6311-8181,2024-12-31
555,미사,S1105,5호선,일반역,,,37.56329,127.192954,서울교통공사,경기도 하남시 미사강변동로 지하90(망월동),02-6311-5621,2024-12-31
415,미아(서울사이버대학),I1104,4호선,일반역,,,37.626435,127.026151,서울교통공사,서울특별시 강북구 도봉로 지하198(미아동),02-6110-4151,2024-12-31
416,미아사거리,I1104,4호선,일반역,,,37.613276,127.030083,서울교통공사,서울특별시 강북구 도봉로 지하50(미아동),02-6110-4161,2024-12-31
733,반포,S1107,7호선,일반역,,,37.508171,127.011717,서울교통공사,서울특별시 서초구 신반포로 지하241(잠원동),02-6311-7331,2024-12-31
515,발산,S1105,5호선,일반역,,,37.562182,126.82693,서울교통공사,서울특별시 강서구 공항대로 지하267(마곡동),02-6311-5151,2024-12-31
225,방배,S1102,2호선,일반역,,,37.481469,126.997627,서울교통공사,서울특별시 서초구 방배로 지하80(방배동),02-6110-2251,2024-12-31
P551,방이,S1105,5호선,일반역,,,37.508752,127.126054,서울교통공사,서울특별시 송파구 양재대로 지하1127(방이동),02-6311-5561,2024-12-31
510,방화,S1105,5호선,일반역,,,37.577669,126.812822,서울교통공사,서울특별시 강서구 금낭화로 지하132(방화동),02-6311-5101,2024-12-31
632,버티고개,S1106,6호선,일반역,,,37.53956,127.001729,서울교통공사,서울특별시 중구 다산로 지하38(신당동),02-6311-6321,2024-12-31
804,별내역,S4108,수도권 광역철도 8호선,환승역,I41K2,수도권 전절 경춘선,37.64217,127.1273,남양주도시공사,경기도 남양주시 경춘북로 375(별내동),02-6311-8041,2024-09-12
742,보라매,S1107,7호선,일반역,,,37.499916,126.920112,서울교통공사,서울특별시 동작구 상도로 지하2(대방동),02-6311-7421,2024-12-31
638,보문,S1106,6호선,일반역,S1106,수도권  도시철도 6호선,37.579772,127.015246,서울교통공사,서울특별시 성북구 보문로 지하116(보문동1가),02-6311-6381,2024-12-31
820,복정,S1108,8호선,환승역,I41K1,수도권  광역철도 분당,37.471016,127.126746,서울교통공사,서울특별시 송파구 송파대로 지하6(장지동),02-6311-8201,2024-12-31
4129,봉은사,S1109,수도권  도시철도 9호선,일반역,,,37.514219,127.060245,서울시메트로9호선㈜,서울특별시 강남구 봉은사로 601,02-2656-0929,
229,봉천,S1102,2호선,일반역,,,37.482416,126.941896,서울교통공사,서울특별시 관악구 남부순환로 지하1721(봉천동),02-6110-2291,2024-12-31
647,봉화산(서울의료원),S1106,6호선,일반역,,,37.619875,127.084106,서울교통공사,서울특별시 중랑구 신내로 지하232(신내동),02-6311-6471,2024-12-31
3757,부천시청,S1107,도시철도 7호선,일반역,,,37.504611,126.763561,인천교통공사,경기도 부천시 원미구 길주로 지하 202 (중동),032-451-1343,2022-04-30
3754,부천종합운동장,S1107,도시철도 7호선,일반역,,,37.505381,126.79735,인천교통공사,경기도 부천시 원미구 길주로 지하 502 (춘의동),032-451-1313,2022-04-30
3761,부평구청,S1107,도시철도 7호선,환승역,S1107+S2801,인천1호선,37.508333,126.720556,인천교통공사,인천광역시 부평구 길주로 지하 527 (갈산동),032-451-1383,2022-04-30
322,불광,I1103,3호선,환승역,S1106,수도권  도시철도 6호선,37.610554,126.929843,서울교통공사,서울특별시 은평구 통일로 지하723-1(대조동),02-6110-3221,2024-12-31
612,불광,S1106,6호선,환승역,I1103,수도권  광역철도 3호선,37.610919,126.929504,서울교통공사,서울특별시 은평구 통일로 지하723-1(대조동),02-6311-6121,2024-12-31
409,불암산,I1104,4호선,일반역,,,37.66956,127.078404,서울교통공사,서울특별시 노원구 상계로 305(상계동),02-6110-4091,2024-12-31
722,사가정,S1107,7호선,일반역,,,37.580912,127.088502,서울교통공사,서울특별시 중랑구 사가정로 지하393(면목동),02-6311-7221,2024-12-31
433,사당,I1104,4호선,환승역,S1102,수도권  도시철도 2호선,37.476563,126.981746,서울교통공사,서울특별시 동작구  동작대로 지하3(사당동),02-6110-4331,2024-12-31
4124,사평,S1109,서울 도시철도 9호선,일반역,,,37.504206,127.015259,서울특별시 서울시메트로9호선㈜,서울특별시 서초구 사평대로 지하285,02-2656-0924,2024-02-29
3762,산곡,S1107,도시철도 7호선,일반역,,,37.508547,126.70351,인천교통공사,인천광역시 부평구 길주로 지하 379 (산곡동),032-451-1393,2022-04-30
822,산성,S1108,8호선,일반역,,,37.456886,127.149927,서울교통공사,경기도 성남시 수정구 수정로 지하365(신흥동),02-6311-8221,2024-12-31
428,삼각지(전쟁기념관),I1104,4호선,환승역,S1106,수도권  도시철도 6호선,37.535057,126.973354,서울교통공사,서울특별시 용산구 한강대로 지하180(한강로1가),02-6110-4281,2024-12-31
3759,삼산체육관,S1107,도시철도 7호선,일반역,,,37.506431,126.742081,인천교통공사,인천광역시 부평구 길주로 지하 713 (삼산동),032-451-1363,2022-04-30
219,삼성(무역센터),S1102,2호선,일반역,,,37.508827,127.063203,서울교통공사,서울특별시 강남구 테헤란로 지하538(삼성동),02-6110-2191,2024-12-31
4128,삼성중앙,S1109,수도권  도시철도 9호선,일반역,,,37.513011,127.053282,서울시메트로9호선㈜,서울특별시 강남구 봉은사로 501,02-2656-0928,
4131,삼전,S1109,수도권  도시철도 9호선,일반역,,,37.504531,127.087211,서울시메트로9호선㈜,서울특별시 송파구 백제고분로 지하 187,02-2656-0931,
410,상계,I1104,4호선,일반역,,,37.660576,127.073199,서울교통공사,서울특별시 노원구 상계로 182(상계동),02-6110-4101,2024-12-31
739,상도,S1107,7호선,일반역,,,37.50279,126.947949,서울교통공사,서울특별시 동작구 상도로 지하272(상도1동),02-6311-7391,2024-12-31
3758,상동,S1107,도시철도 7호선,일반역,,,37.505769,126.753081,인천교통공사,경기도 부천시 원미구 길주로 지하 104 (상동),032-451-1353,2022-04-30
720,상봉,S1107,7호선,환승역,I41K2+I41K4,수도권  광역철도 경춘+수도권 광역철도 경의중앙,37.595673,127.085708,서울교통공사,서울특별시 중랑구 망우로 297(상봉동),02-6311-7201,2024-12-31
623,상수,S1106,6호선,일반역,,,37.549033,126.913546,서울교통공사,서울특별시 마포구 독막로 지하85(상수동),02-6311-6231,2024-12-31
207,상왕십리,S1102,2호선,일반역,,,37.564504,127.028872,서울교통공사,서울특별시 성동구 왕십리로 지하374(하왕십리동),02-6110-2071,2024-12-31
642,상월곡(한국과학기술연구원),S1106,6호선,일반역,,,37.60192,127.041492,서울교통공사,서울특별시 성북구 화랑로 지하157(상월곡동),02-6311-6421,2024-12-31
553,상일동,S1105,5호선,일반역,,,37.556714,127.166381,서울교통공사,서울특별시 강동구 고덕로 지하359(상일동),02-6311-5531,2024-12-31
616,새절(신사),S1106,6호선,일반역,,,37.611223,126.917246,서울교통공사,서울특별시 은평구 증산로 지하400(신사동),02-6311-6161,2024-12-31
4116,샛강,S1109,서울 도시철도 9호선,환승역,L11SL,서울 경량도시철도 신림선,37.517274,126.928422,서울특별시 서울시메트로9호선㈜,서울특별시 영등포구 의사당대로 지하166,02-2656-0916,2024-08-31
532,서대문,S1105,5호선,일반역,,,37.565812,126.966639,서울교통공사,서울특별시 종로구 통일로 지하126(평동),02-6311-5321,2024-12-31
228,서울대입구(관악구청),S1102,2호선,일반역,,,37.481233,126.952745,서울교통공사,서울특별시 관악구 남부순환로 지하1822(봉천동),02-6110-2281,2024-12-31
426,서울역,I1104,4호선,환승역,I4101+I41K4+I28A1,수도권  광역철도 1호선+수도권 광역철도 경의중앙+수도권 광역철도 공항,37.553172,126.972836,서울교통공사,서울특별시 용산구 한강대로 지하392(동자동),02-6110-4261,2024-12-31
224,서초,S1102,2호선,일반역,,,37.49191,127.007945,서울교통공사,서울특별시 서초구 서초대로 지하233(서초동),02-6110-2241,2024-12-31
644,석계,S1106,6호선,환승역,I4101,수도권  광역철도 1호선,37.610522,127.056419,서울교통공사,서울특별시 노원구 화랑로 지하 347-1(월계동) ,02-6311-6441,2024-12-31
3763,석남(거북시장),S1107,도시철도 7호선,환승역,S1107+S2802,인천2호선,37.506208,126.676213,인천교통공사,인천광역시 서구 길주로 지하 120 (석남동),032-451-1403,2022-04-30
815,석촌,S1108,8호선,일반역,,,37.505396,127.106995,서울교통공사,서울특별시 송파구 송파대로 지하439(석촌동),02-6311-8151,2024-12-31
4133,석촌,S1109,수도권  도시철도 9호선,환승역,S1108,수도권  도시철도 8호선,37.505278,127.106944,서울시메트로9호선㈜,서울특별시 송파구 석촌동 209,02-2656-0933,
4132,석촌고분,S1109,수도권  도시철도 9호선,일반역,,,37.502439,127.096611,서울시메트로9호선㈜,서울특별시 송파구 삼학사로 지하 53 ,02-2656-0932,
220,선릉,S1102,2호선,환승역,I41K1,수도권  광역철도 분당,37.504257,127.048174,서울교통공사,서울특별시 강남구 테헤란로 지하340(삼성동),02-6110-2201,2024-12-31
4112,선유도,S1109,서울 도시철도 9호선,일반역,,,37.53802,126.893525,서울특별시 서울시메트로9호선㈜,서울특별시 영등포구 양평로 지하124,02-2656-0912,2024-02-29
4127,선정릉,S1109,수도권  도시철도 9호선,환승역,I41K1,수인분당선,37.51098,127.043593,서울시메트로9호선㈜,서울특별시 강남구 선릉로 580,02-2656-0927,
211,성수,S1102,2호선,일반역,,,37.544628,127.055983,서울교통공사,서울특별시 성동구 아차산로 100(성수동2가),02-6110-2111,2024-12-31
418,성신여대입구(돈암),I1104,4호선,일반역,I1104,수도권  광역철도 4호선,37.592782,127.017338,서울교통공사,서울특별시 성북구 동소문로 지하102(동선동4가),02-6110-4181,2024-12-31
513,송정,S1105,5호선,일반역,,,37.561411,126.812052,서울교통공사,서울특별시 강서구 공항대로 지하33(공항동),02-6311-5131,2024-12-31
816,송파,S1108,8호선,일반역,,,37.49978,127.11212,서울교통공사,서울특별시 송파구 송파대로 지하354(가락동),02-6311-8161,2024-12-31
4134,송파나루,S1109,수도권  도시철도 9호선,일반역,,,37.51055,127.112451,서울시메트로9호선㈜,서울특별시 송파구 백제고분로 지하 446,02-2656-0934,
711,수락산,S1107,7호선,일반역,,,37.677804,127.055314,서울교통공사,서울특별시 노원구 동일로 지하1662(상계동),02-6311-7111,2024-12-31
349,수서,I1103,3호선,환승역,I41K1,수도권  광역철도 분당,37.487507,127.101324,서울교통공사,서울특별시 강남구 광평로 지하270(수서동),02-6110-3491,2024-12-31
414,수유(강북구청),I1104,4호선,일반역,,,37.637127,127.024731,서울교통공사,서울특별시 강북구 도봉로 지하338(수유동),02-6110-4141,2024-12-31
826,수진,S1108,8호선,일반역,,,37.437575,127.140936,서울교통공사,경기도 성남시 수정구 산성대로 지하200(수진동),02-6311-8261,2024-12-31
427,숙대입구(갈월),I1104,4호선,일반역,,,37.545124,126.971952,서울교통공사,서울특별시 용산구 한강대로 지하306(갈월동),02-6110-4271,2024-12-31
738,숭실대입구(살피재),S1107,7호선,일반역,,,37.496258,126.953649,서울교통공사,서울특별시 동작구 상도로 지하378(상도동),02-6311-7381,2024-12-31
132,시청,I4101,1호선,환승역,S1102,수도권  도시철도 2호선,37.56359,126.975407,서울교통공사,서울특별시 중구 세종대로 지하101(정동),02-6110-1321,2024-12-31
201,시청,S1102,2호선,환승역,I4101,수도권  광역철도 1호선,37.563534,126.975271,서울교통공사,서울특별시 중구 서소문로 지하127(서소문동),02-6110-2011,2024-12-31
538,신금호,S1105,5호선,일반역,,,37.554504,127.020403,서울교통공사,서울특별시 성동구 금호로 지하154(금호동2가),02-6311-5381,2024-12-31
525,신길,S1105,5호선,환승역,I4101,수도권  광역철도 1호선,37.51763,126.914886,서울교통공사,서울특별시 영등포구 경인로114가길 지하9(영등포동1가),02-6311-5251,2024-12-31
648,신내,S1106,6호선,일반역,,,37.612571,127.104326,서울교통공사,서울특별시 중랑구 용마산로136길 33 신내차량기지,02-6311-6481,2024-12-31
4125,신논현,S1109,서울 도시철도 9호선,환승역,I11D1,신분당선,37.504598,127.02506,서울특별시 서울시메트로9호선㈜,서울특별시 강남구 봉은사로 지하102,02-2656-0925,2024-02-29
2112,신답,S1121,2호선,일반역,,,37.56147,127.056348,서울교통공사,서울특별시 성동구 천호대로 232(용답동),02-6110-1351,2024-12-31
206,신당,S1102,2호선,환승역,S1106,수도권  도시철도 6호선,37.56147,127.056348,서울교통공사,서울특별시 중구 퇴계로 지하431-1(신당동),02-6110-2061,2024-12-31
231,신대방,S1102,2호선,일반역,,,37.487534,126.913279,서울교통공사,서울특별시 동작구 대림로 2(신대방동),02-6110-2311,2024-12-31
741,신대방삼거리,S1107,7호선,일반역,,,37.499717,126.928218,서울교통공사,서울특별시 동작구 상도로 지하76(대방동),02-6311-7411,2024-12-31
234,신도림,S1102,2호선,환승역,I4101+S1122,수도권  광역철도 1호선+수도권 도시철도 2호선,37.508815,126.891222,서울교통공사,서울특별시 구로구 새말로 지하 117-21(신도림동),02-6110-2341,2024-12-31
230,신림,S1102,2호선,일반역,,,37.484216,126.929573,서울교통공사,서울특별시 관악구 남부순환로 지하1614(신림동),02-6110-2301,2024-12-31
4111,신목동,S1109,서울 도시철도 9호선,일반역,,,37.544277,126.88308,서울특별시 서울시메트로9호선㈜,서울특별시 양천구 목동중앙로 지하217,02-2656-0911,2024-02-29
4122,신반포,S1109,서울 도시철도 9호선,일반역,,,37.503415,126.995925,서울특별시 서울시메트로9호선㈜,서울특별시 서초구 신반포로 지하105,02-2656-0922,2024-02-29
4104,신방화,S1109,서울 도시철도 9호선,일반역,,,37.567532,126.816601,서울특별시 서울시메트로9호선㈜,서울특별시 강서구 방화대로 지하301,02-2656-0904,2024-02-29
337,신사,I1103,3호선,일반역,,,37.516438,127.020247,서울교통공사,서울특별시 강남구 도산대로 지하102(신사동),02-6110-3371,2024-12-31
126,신설동,I4101,1호선,환승역,S1102,수도권  도시철도 2호선,37.576117,127.02471,서울교통공사,서울특별시 동대문구 왕산로 지하1(신설동),02-6110-1261,2024-12-31
2114,신설동,S1121,2호선,일반역,S1121,수도권  도시철도 2호선,37.574653,127.025158,서울교통공사,서울특별시 동대문구 왕산로 지하 1(신설동),02-6110-1371,2024-12-31
429,신용산,I1104,4호선,일반역,,,37.52919,126.96858,서울교통공사,서울특별시 용산구 한강대로 지하112(한강로2가),02-6110-4291,2024-12-31
519,신정(은행정),S1105,5호선,일반역,,,37.525001,126.856176,서울교통공사,서울특별시 양천구 오목로 지하179(신정동),02-6311-5191,2024-12-31
2343,신정네거리,S1122,2호선,일반역,,,37.520218,126.852849,서울교통공사,서울특별시 양천구 중앙로 지하261(신정동),02-6110-2461,2024-12-31
3756,신중동,S1107,도시철도 7호선,일반역,,,37.503081,126.776161,인천교통공사,경기도 부천시 원미구 길주로 지하 314 (중동),032-451-1333,2022-04-30
240,신촌(지하),S1102,2호선,일반역,,,37.555153,126.93689,서울교통공사,서울특별시 마포구 신촌로 지하90(노고산동),02-6110-2401,2024-12-31
743,신풍,S1107,7호선,일반역,,,37.500107,126.909806,서울교통공사,서울특별시 영등포구 신풍로 지하27(신길동),02-6311-7431,2024-12-31
825,신흥,S1108,8호선,일반역,,,37.440952,127.14759,서울교통공사,경기도 성남시 수정구 산성대로 지하280(신흥동),02-6311-8251,2024-12-31
413,쌍문,I1104,4호선,일반역,,,37.648274,127.034381,서울교통공사,서울특별시 도봉구 도봉로 지하 486-1(창동),02-6110-4131,2024-12-31
545,아차산(어린이대공원후문),S1105,5호선,일반역,,,37.552005,127.089609,서울교통공사,서울특별시 광진구 천호대로 지하657(능동),02-6311-5451,2024-12-31
242,아현,S1102,2호선,일반역,,,37.557407,126.956079,서울교통공사,서울특별시 마포구 신촌로 지하270(아현동),02-6110-2421,2024-12-31
328,안국,I1103,3호선,일반역,,,37.576562,126.98547,서울교통공사,서울특별시 종로구 율곡로 지하62(안국동),02-6110-3281,2024-12-31
639,안암(고대병원앞),S1106,6호선,일반역,,,37.585293,127.019377,서울교통공사,서울특별시 성북구 고려대로 지하89(안암동5가),02-6311-6391,2024-12-31
810,암사,S1108,8호선,일반역,,,37.550127,127.127521,서울교통공사,서울특별시 강동구 올림픽로 지하776(암사동),02-6311-8101,2024-12-31
809,암사역사공원,S1108,8호선,일반역,,,37.556667,127.135556,서울교통공사,서울시 강동구 아리수로 27번길 2,02-6311-8091,2024-12-31
336,압구정,I1103,3호선,일반역,,,37.526169,127.028502,서울교통공사,서울특별시 강남구 압구정로 지하172(신사동),02-6110-3361,2024-12-31
530,애오개,S1105,5호선,일반역,,,37.553592,126.956733,서울교통공사,서울특별시 마포구 마포대로 지하210(아현동),02-6311-5301,2024-12-31
333,약수,I1103,3호선,환승역,S1106,수도권  도시철도 6호선,37.554674,127.010628,서울교통공사,서울특별시 중구 다산로 지하122(신당동),02-6110-3331,2024-12-31
342,양재(서초구청),I1103,3호선,환승역,I41D1,수도권  광역철도 신분당선,37.48466,127.03513,서울교통공사,서울특별시 서초구 남부순환로 지하2585(서초동),02-6110-3421,2024-12-31
2342,양천구청,S1122,2호선,일반역,,,37.512194,126.865193,서울교통공사,서울특별시 양천구 목동로3길 지하33(신정동),02-6110-2451,2024-12-31
4106,양천향교,S1109,서울 도시철도 9호선,일반역,,,37.568381,126.841333,서울특별시 서울시메트로9호선㈜,서울특별시 강서구 양천로 지하341,02-2656-0906,2024-02-29
522,양평,S1105,5호선,일반역,,,37.525614,126.886177,서울교통공사,서울특별시 영등포구 양산로 지하21(양평동2가),02-6311-5221,2024-12-31
726,어린이대공원(세종대),S1107,7호선,일반역,,,37.547962,127.07465,서울교통공사,서울특별시 광진구 능동로 지하210(화양동),02-6311-7261,2024-12-31
4126,언주,S1109,수도권  도시철도 9호선,일반역,,,37.507287,127.033868,서울시메트로9호선㈜,서울특별시 강남구 봉은사로 201,02-2656-0926,
527,여의나루,S1105,5호선,일반역,,,37.527145,126.932807,서울교통공사,서울특별시 영등포구 여의동로 지하343(여의도동),02-6311-5271,2024-12-31
526,여의도,S1105,5호선,환승역,S11S1,수도권  도시철도 9호선,37.521578,126.924318,서울교통공사,서울특별시 영등포구 여의나루로 지하40(여의도동),02-6311-5261,2024-12-31
4115,여의도,S1109,서울 도시철도 9호선,환승역,S1105,서울 도시철도 5호선,37.521624,126.924191,서울특별시 서울시메트로9호선㈜,서울특별시 영등포구 의사당대로 지하101 (여의도동),02-2656-0915,2024-02-29
221,역삼,S1102,2호선,일반역,,,37.500658,127.03643,서울교통공사,서울특별시 강남구 테헤란로 지하156(역삼동),02-6110-2211,2024-12-31
611,역촌,S1106,6호선,일반역,,,37.60605,126.922764,서울교통공사,서울특별시 은평구 서오릉로 지하63(녹번동),02-6311-6111,2024-12-31
321,연신내,I1103,3호선,환승역,S1106,수도권  도시철도 6호선,37.618855,126.920859,서울교통공사,서울특별시 은평구 통일로 지하849(갈현동),02-6110-3211,2024-12-31
614,연신내,S1106,6호선,환승역,I1103,수도권  광역철도 3호선,37.617293,127.091375,서울교통공사,서울특별시 은평구 통일로 지하849(갈현동),02-6110-3211,2024-12-31
4110,염창,S1109,서울 도시철도 9호선,일반역,,,37.546936,126.874916,서울특별시 서울시메트로9호선㈜,서울특별시 강서구 공항대로 지하631,02-2656-0910,2024-02-29
236,영등포구청,S1102,2호선,환승역,S1105,수도권  도시철도 5호선,37.525766,126.896627,서울교통공사,서울특별시 영등포구 당산로 지하121(당산동3가),02-6110-2361,2024-12-31
524,영등포시장,S1105,5호선,일반역,,,37.52276,126.905143,서울교통공사,서울특별시 영등포구 양산로 지하200(영등포동5가),02-6311-5241,2024-12-31
352,오금,I1103,3호선,환승역,S1105,수도권  도시철도 5호선,37.502288,127.128344,서울교통공사,서울특별시 송파구 오금로 지하321(오금동),02-6110-3521,2024-12-31
P552,오금,S1105,5호선,환승역,I1103,수도권  광역철도 3호선,37.502228,127.127701,서울교통공사,서울특별시 송파구 오금로 지하321(오금동),02-6110-3521,2024-12-31
521,오목교(목동운동장앞),S1105,5호선,일반역,,,37.524557,126.875049,서울교통공사,서울특별시 양천구 오목로 지하342(목동),02-6311-5211,2024-12-31
335,옥수,I1103,3호선,환승역,I41K4,수도권  광역철도 경의중앙,37.541653,127.017303,서울교통공사,서울특별시 성동구 동호로 21(옥수동),02-6110-3351,2024-12-31
750,온수(성공회대입구),S1107,7호선,환승역,I4101,수도권  광역철도 1호선,37.492059,126.823294,서울교통공사,서울특별시 구로구 경인로3길 지하64(온수동),02-6311-7501,2024-12-31
P550,올림픽공원(한국체대),S1105,5호선,일반역,,,37.516217,127.130957,서울교통공사,서울특별시 송파구 양재대로 지하1233(방이동),02-6311-5551,2024-12-31
4136,올림픽공원(한국체대),S1109,수도권  도시철도 9호선,환승역,S1105,수도권  도시철도 5호선,37.516111,127.130333,서울시메트로9호선㈜,서울특별시 송파구 양재대로 지하 1233,02-2656-0936,
208,왕십리(성동구청),S1102,2호선,환승역,S1105+I41K4+I41K1,수도권  도시철도 5호선+수도권 광역철도 분당+수도권 광역철도 경의중앙,37.561159,127.035505,서울교통공사,서울특별시 성동구 왕십리로 지하300(행당동),02-6110-2081,2024-12-31
540,왕십리(성동구청),S1105,5호선,환승역,S1102+I41K4+I41K1,수도권  도시철도 2호선+수도권 광역철도 분당+수도권 광역철도 경의중앙,37.56197,127.037264,서울교통공사,서울특별시 성동구 왕십리로 지하300(행당동),02-6311-5401,2024-12-31
2111,용답,S1121,2호선,일반역,,,37.566412,126.977863,서울교통공사,서울특별시 성동구 용답길 86(용답동),02-6110-1341,2024-12-31
2113,용두(동대문구청),S1121,2호선,일반역,,,37.574012,127.03811,서울교통공사,서울특별시 동대문구 천호대로 지하129(용두동),02-6110-1361,2024-12-31
723,용마산(용마폭포공원),S1107,7호선,일반역,,,37.573752,127.086802,서울교통공사,서울특별시 중랑구 용마산로 지하227(면목동),02-6311-7231,2024-12-31
516,우장산,S1105,5호선,일반역,,,37.548864,126.83633,서울교통공사,서울특별시 강서구 강서로 지하262(화곡동),02-6311-5161,2024-12-31
641,월곡(동덕여대),S1106,6호선,일반역,,,37.59034,127.03626,서울교통공사,서울특별시 성북구 월곡로 지하107(하월곡동),02-6311-6411,2024-12-31
619,월드컵경기장(성산),S1106,6호선,일반역,,,37.577005,126.898643,서울교통공사,서울특별시 마포구 월드컵로 지하240(성산동),02-6311-6191,2024-12-31
330,을지로3가,I1103,3호선,환승역,S1102,수도권  도시철도 2호선,37.566299,126.992616,서울교통공사,서울특별시 중구 을지로 지하129(을지로3가),02-6110-3301,2024-12-31
203,을지로3가,S1102,2호선,환승역,I1103,수도권  광역철도 3호선,37.566292,126.991773,서울교통공사,서울특별시 중구 을지로 지하106(을지로3가),02-6110-2031,2024-12-31
204,을지로4가,S1102,2호선,환승역,S1105,수도권  도시철도 5호선,37.566611,126.998122,서울교통공사,서울특별시 중구 을지로 지하178(을지로4가),02-6110-2041,2024-12-31
535,을지로4가,S1105,5호선,환승역,S1102,수도권  도시철도 2호선,37.56658,126.998127,서울교통공사,서울특별시 중구 창경궁로 지하51(주교동),02-6311-5351,2024-12-31
202,을지로입구,S1102,2호선,일반역,,,37.565998,126.982569,서울교통공사,서울특별시 중구 을지로 지하42(을지로1가),02-6110-2021,2024-12-31
610,응암,S1106,6호선,일반역,,,37.59859,126.915583,서울교통공사,서울특별시 은평구 증산로 지하477(신사동),02-6311-6101,2024-12-31
241,이대,S1102,2호선,일반역,,,37.556734,126.945897,서울교통공사,서울특별시 마포구 신촌로 지하180(염리동),02-6110-2411,2024-12-31
430,이촌(국립중앙박물관),I1104,4호선,환승역,I41K4,수도권  광역철도 경의중앙,37.522525,126.97335,서울교통공사,서울특별시 용산구 서빙고로 지하83(용산동5가),02-6110-4301,2024-12-31
630,이태원,S1106,6호선,일반역,,,37.53469,126.98665,서울교통공사,서울특별시 용산구 이태원로 지하177(이태원동),02-6311-6301,2024-12-31
348,일원,I1103,3호선,일반역,,,37.48389,127.08416,서울교통공사,서울특별시 강남구 일원로 지하121(일원동),02-6110-3481,2024-12-31
728,자양(뚝섬한강공원),S1107,7호선,일반역,,,37.531558,127.066714,서울교통공사,서울특별시 광진구 능동로 10(자양동),02-6311-7281,2024-12-31
216,잠실(송파구청),S1102,2호선,환승역,S1108,수도권  도시철도 8호선,37.513305,127.100129,서울교통공사,서울특별시 송파구 올림픽로 지하265(신천동),02-6110-2161,2024-12-31
215,잠실나루,S1102,2호선,일반역,,,37.520688,127.103836,서울교통공사,서울특별시 송파구 오금로 20(신천동),02-6110-2151,2024-12-31
217,잠실새내,S1102,2호선,일반역,,,37.520731,127.103738,서울교통공사,서울특별시 송파구 올림픽로 지하140(잠실동),02-6110-2171,2024-12-31
338,잠원,I1103,3호선,일반역,,,37.512989,127.011613,서울교통공사,서울특별시 서초구 잠원로4길 지하46(잠원동),02-6110-3381,2024-12-31
740,장승배기,S1107,7호선,일반역,,,37.504845,126.939025,서울교통공사,서울특별시 동작구 상도로 지하188(상도동) ,02-6311-7401,2024-12-31
709,장암,S1107,7호선,일반역,,,37.70015,127.053126,서울교통공사,경기도 의정부시 동일로 121(장암동),02-6311-7091,2024-12-31
819,장지,S1108,8호선,일반역,,,37.478609,127.126229,서울교통공사,서울특별시 송파구 송파대로 지하82(장지동),02-6311-8191,2024-12-31
543,장한평,S1105,5호선,일반역,,,37.561438,127.064601,서울교통공사,서울특별시 동대문구 천호대로 지하405(장안동),02-6311-5431,2024-12-31
125,제기동,I4101,1호선,일반역,,,37.578116,127.034902,서울교통공사,서울특별시 동대문구 왕산로 지하93(제기동),02-6110-1251,2024-12-31
131,종각,I4101,1호선,일반역,,,37.570203,126.983116,서울교통공사,서울특별시 종로구 종로 지하55(종로1가),02-6110-1311,2024-12-31
329,종로3가,I1103,3호선,환승역,S1105+I1101,수도권  도시철도 5호선+수도권 광역철도 1호선,37.571537,126.991237,서울교통공사,서울특별시 종로구 돈화문로 지하30(묘동),02-6110-3291,2024-12-31
534,종로3가(탑골공원),S1105,5호선,환승역,I1103+I1101,수도권  광역철도 3호선+수도권 광역철도 1호선,37.572546,126.990447,서울교통공사,서울특별시 종로구 돈화문로11길 지하 26(돈의동),02-6311-5341,2024-12-31
129,종로5가,I4101,1호선,일반역,,,37.570971,127.0019,서울교통공사,서울특별시 종로구 종로 지하216(종로5가),02-6110-1291,2024-12-31
218,종합운동장,S1102,2호선,환승역,S11S1,수도권  도시철도 9호선,37.511008,127.073641,서울교통공사,서울특별시 송파구 올림픽로 지하23(잠실동),02-6110-2181,2024-12-31
714,중계,S1107,7호선,일반역,,,37.645052,127.064084,서울교통공사,서울특별시 노원구 동일로 지하1308-1(중계동),02-6311-7141,2024-12-31
724,중곡,S1107,7호선,일반역,,,37.565877,127.084291,서울교통공사,서울특별시 광진구 능동로 지하417(중곡동),02-6311-7241,2024-12-31
4138,중앙보훈병원,S1109,수도권  도시철도 9호선,일반역,,,37.528807,127.148488,서울시메트로9호선㈜,서울특별시 강동구 명일로 지하 117,02-2656-0938,
719,중화,S1107,7호선,일반역,,,37.602604,127.079254,서울교통공사,서울특별시 중랑구 동일로 지하797(중화동),02-6311-7191,2024-12-31
4108,증미,S1109,서울 도시철도 9호선,일반역,,,37.557402,126.861939,서울특별시 서울시메트로9호선㈜,서울특별시 강서구 양천로 지하560,02-2656-0908,2024-02-29
617,증산(명지대앞),S1106,6호선,일반역,,,37.591148,126.913613,서울교통공사,서울특별시 은평구 증산로 지하306(증산동),02-6311-6171,2024-12-31
319,지축,I1103,3호선,일반역,,,37.648281,126.912551,서울교통공사,경기도 고양시 덕양구 삼송로 300(지축동),02-6110-3191,2024-12-31
412,창동,I1104,4호선,환승역,I4101,수도권  광역철도 1호선,37.652993,127.046746,서울교통공사,서울특별시 도봉구 마들로11길 77(창동),02-6110-4121,2024-12-31
637,창신,S1106,6호선,일반역,,,37.572275,127.015666,서울교통공사,서울특별시 종로구 지봉로 지하112(창신동),02-6311-6371,2024-12-31
749,천왕,S1107,7호선,일반역,,,37.486699,126.838684,서울교통공사,서울특별시 구로구 오리로 지하1154(천왕동),02-6311-7491,2024-12-31
547,천호(풍납토성),S1105,5호선,환승역,S1108,수도권  도시철도 8호선,37.538566,127.123539,서울교통공사,서울특별시 강동구 천호대로 지하997(천호동),02-6311-5471,2024-12-31
747,철산,S1107,7호선,일반역,,,37.47616,126.868217,서울교통공사,경기도 광명시 철산로 지하13(철산동),02-6311-7471,2024-12-31
537,청구,S1105,5호선,환승역,S1106,수도권  도시철도 6호선,37.560237,127.01379,서울교통공사,서울특별시 중구 청구로 지하77(신당동),02-6311-5371,2024-12-31
634,청구,S1106,6호선,환승역,S1105,수도권  도시철도 5호선,37.554087,127.010237,서울교통공사,서울특별시 중구 청구로 지하77(신당동),02-6311-5371,2024-12-31
729,청담,S1107,7호선,일반역,,,37.519097,127.051851,서울교통공사,서울특별시 강남구 학동로 지하508(청담동),02-6311-7291,2024-12-31
124,청량리(서울시립대입구),I4101,1호선,환승역,I41K1+I41K2+I41K4,수도권  광역철도 분당+수도권  광역철도 경춘+수도권  광역철도 경의중앙,37.580148,127.045063,서울교통공사,서울특별시 동대문구 왕산로 지하205(전농동),02-6110-1241,2024-12-31
432,총신대입구(이수),I1104,4호선,환승역,S1107,수도권  도시철도 7호선,37.487521,126.982309,서울교통공사,서울특별시 동작구 동작대로 지하117(사당동),02-6110-4321,2024-12-31
3755,춘의,S1107,도시철도 7호선,일반역,,,37.50365,126.787069,인천교통공사,경기도 부천시 원미구 길주로 지하 406 (춘의동),032-451-1323,2022-04-30
331,충무로,I1103,3호선,환승역,I1104,수도권  광역철도 4호선,37.561302,126.995473,서울교통공사,서울특별시 중구 퇴계로 지하214(필동2가),02-6110-4231,2024-12-31
243,충정로(경기대입구),S1102,2호선,환승역,S1105,수도권  도시철도 5호선,37.559742,126.964455,서울교통공사,서울특별시 서대문구 서소문로 지하17(충정로3가),02-6110-2431,2024-12-31
645,태릉입구,S1106,6호선,환승역,S1107,수도권  도시철도 7호선,37.614937,127.065922,서울교통공사,서울특별시 노원구 동일로 지하 992-1(공릉동),02-6311-7171,2024-12-31
715,하계,S1107,7호선,일반역,,,37.636363,127.067999,서울교통공사,서울특별시 노원구 동일로 지하1196(하계동),02-6311-7151,2024-12-31
558,하남검단산,S1105,5호선,일반역,,,37.539729,127.223427,서울교통공사,경기도 하남시 대청로 지하100(창우동),02-6311-5651,2024-12-31
557,하남시청(덕풍∙신장),S1105,5호선,일반역,,,37.541723,127.206901,서울교통공사,경기도 하남시 하남대로 지하820(덕풍동),02-6311-5641,2024-12-31
556,하남풍산,S1105,5호선,일반역,,,37.552201,127.203897,서울교통공사,경기도 하남시 덕풍서로 지하50(덕풍동),02-6311-5631,2024-12-31
731,학동,S1107,7호선,일반역,,,37.514262,127.031738,서울교통공사,서울특별시 강남구 학동로 지하180(논현동),02-6311-7311,2024-12-31
346,학여울,I1103,3호선,일반역,,,37.496757,127.070541,서울교통공사,서울특별시 강남구 남부순환로 지하3104(대치동),02-6110-3461,2024-12-31
631,한강진,S1106,6호선,일반역,,,37.534485,126.994369,서울교통공사,서울특별시 용산구 이태원로 지하287(한남동),02-6311-6311,2024-12-31
419,한성대입구(삼선교),I1104,4호선,일반역,,,37.58838,127.006751,서울교통공사,서울특별시 성북구 삼선교로 지하1(삼선동1가),02-6110-4191,2024-12-31
4135,한성백제,S1109,수도권  도시철도 9호선,일반역,,,37.516369,127.116211,서울시메트로9호선㈜,서울특별시 송파구 위례성대로 지하 51,02-2656-0935,
209,한양대,S1102,2호선,일반역,,,37.55658,127.043504,서울교통공사,서울특별시 성동구 왕십리로 206(행당동),02-6110-2091,2024-12-31
238,합정,S1102,2호선,환승역,S1106,수도권  도시철도 6호선,37.550025,126.914557,서울교통공사,서울특별시 마포구 양화로 지하55(서교동),02-6110-2381,2024-12-31
622,합정,S1106,6호선,환승역,S1102,수도권  도시철도 2호선,37.556031,126.910129,서울교통공사,서울특별시 마포구 양화로 지하45(합정동),02-6311-6221,2024-12-31
539,행당,S1105,5호선,일반역,,,37.557297,127.029482,서울교통공사,서울특별시 성동구 행당로 지하89(행당동),02-6311-5391,2024-12-31
420,혜화,I1104,4호선,일반역,,,37.582116,127.001759,서울교통공사,서울특별시 종로구 대학로 지하120(명륜4가),02-6110-4201,2024-12-31
239,홍대입구,S1102,2호선,환승역,I28A1+I41K4,수도권  광역철도 공항+수도권 광역철도 경의중앙,37.556748,126.923643,서울교통공사,서울특별시 마포구 양화로 지하160(동교동),02-6110-2391,2024-12-31
324,홍제,I1103,3호선,일반역,,,37.588851,126.944092,서울교통공사,서울특별시 서대문구 통일로 지하440-1(홍제동),02-6110-3241,2024-12-31
517,화곡,S1105,5호선,일반역,,,37.541585,126.840436,서울교통공사,서울특별시 강서구 화곡로 지하168(화곡동),02-6311-5171,2024-12-31
646,화랑대(서울여대입구),S1106,6호선,일반역,,,37.617319,127.074741,서울교통공사,서울특별시 노원구 화랑로 지하510(공릉동),02-6311-6461,2024-12-31
425,회현(남대문시장),I1104,4호선,일반역,,,37.559698,126.979565,서울교통공사,서울특별시 중구 퇴계로 지하54(남창동),02-6110-4251,2024-12-31
627,효창공원앞,S1106,6호선,환승역,I41K4,수도권  광역철도 경의중앙,37.543592,126.951664,서울교통공사,서울특별시 용산구 백범로 지하287(효창동),02-6311-6271,2024-12-31
4119,흑석(중앙대입구),S1109,서울 도시철도 9호선,일반역,,,37.50877,126.963708,서울특별시 서울시메트로9호선㈜,서울특별시 동작구 현충로 지하90 (흑석동),02-2656-0919,2024-05-31
